{
  "algorithm": "PLSR",
  "timestamp": "20260220_103829",
  "best_n_components": 3,
  "r2_train": 0.7183322089719602,
  "rmse_train": 0.011704723272197726,
  "r2_cv": 0.07630844376350787,
  "rmse_cv": 0.021196104074678753,
  "coefficients": [
    -0.010332450689683812,
    -0.010343716396522436,
    -0.010359307656894898,
    -0.010360407289164365,
    -0.010327611743934602,
    -0.010244915112943164,
    -0.010099866485130577,
    -0.00989383688591945,
    -0.009647780263210464,
    -0.009388255402928461,
    -0.009123640363864791,
    -0.008825587645211163,
    -0.008434398950476119,
    -0.007883529396288686,
    -0.00713291912792328,
    -0.006185527233958848,
    -0.005071958129508843,
    -0.003814061355807395,
    -0.0024145759551303003,
    -0.0008909330845931283,
    0.0006717734676049208,
    0.002123970891415495,
    0.003306645633985394,
    0.004132175249596629,
    0.0046143754609352505,
    0.004844204717206269,
    0.004905199216276216,
    0.004819756226230436,
    0.004557588032590945,
    0.004091407677695505,
    0.003419157534053004,
    0.0025539115544101643,
    0.0015123451617062478,
    0.0003533571437182818,
    -0.0008157006973813859,
    -0.0018571817994006445,
    -0.002665575239528309,
    -0.0031825457678628113,
    -0.0034282700365643685,
    -0.003497344621428471,
    -0.003533394021205734,
    -0.0036539773544966335,
    -0.003910876494736063,
    -0.004296462392545414,
    -0.00475805110699949,
    -0.005206290759260914,
    -0.005531652841335181,
    -0.005667963787724315,
    -0.00562623793973351,
    -0.005484162914579154,
    -0.005304950313186756,
    -0.0050897852687919925,
    -0.004760918033964206,
    -0.004249648993639963,
    -0.0035526676185450214,
    -0.0027820064930435236,
    -0.0020898470004736213,
    -0.0016203472409858258,
    -0.0013982194401702993,
    -0.001311393715210188,
    -0.0011434889476512494,
    -0.0007429864603299369,
    -0.0001086751706078208,
    0.000625010534252654,
    0.0013197818346037402,
    0.001912990584062284,
    0.0024467185116399943,
    0.003014456705416739,
    0.003712751993094184,
    0.004559396102925133,
    0.005472422406937816,
    0.006296740003635754,
    0.006914433553296802,
    0.0072907749434586696,
    0.007457815833563367,
    0.007470581158667813,
    0.0074063500546988,
    0.0073607117415219695,
    0.007410217205008554,
    0.007592437913879686,
    0.00789591585207915,
    0.008242030395203397,
    0.008487035688112994,
    0.008503416376398523,
    0.008289361667832463,
    0.0079754155955852,
    0.007730357699870465,
    0.007664110005213998,
    0.007790109861103262,
    0.008032731716973272,
    0.00826868691909552,
    0.008416108763873179,
    0.008484547788983948,
    0.008553160388272004,
    0.008667962772713663,
    0.008789750148573645,
    0.008814128576244936,
    0.00866619714969007,
    0.008339511942102302,
    0.007896521780030467,
    0.007450327642191933,
    0.007151239286239777,
    0.007105378204325784,
    0.007299262100339708,
    0.00761026704145167,
    0.007887977796480993,
    0.00799715758131916,
    0.007851162431427666,
    0.007475791010870934,
    0.00700978005469735,
    0.006604837922490801,
    0.006316489151002779,
    0.006102677200936542,
    0.005895053653466822,
    0.005651838984657666,
    0.005382858323277223,
    0.005140423668968172,
    0.004999310172528205,
    0.004987629197136137,
    0.005056737797934735,
    0.005107125497672513,
    0.005080929887978022,
    0.004983347130559724,
    0.004854790050383408,
    0.004728758779558074,
    0.004627096470291983,
    0.0045517223543322435,
    0.004481281946345228,
    0.004381318337250333,
    0.004236685553224217,
    0.004058409668106409,
    0.0038748434471487995,
    0.0037182680871440488,
    0.0036166758367663617,
    0.0035507500840365686,
    0.003437511463315755,
    0.003178681015030168,
    0.0027681343609775,
    0.002301646737916037,
    0.001904427948688418,
    0.0016622201601876158,
    0.0015987551311587042,
    0.0016578637710259517,
    0.001718797018203991,
    0.0016837795132084495,
    0.0015418658967575897,
    0.0013478370595810167,
    0.0011401664630699409,
    0.0009204360302268568,
    0.0006764140237557614,
    0.00041448994621940994,
    0.00015972489680509872,
    -6.69744720449644e-05,
    -0.0002611294540444923,
    -0.0004293585840719224,
    -0.0005727038365361766,
    -0.0006854259698149372,
    -0.0007798735015295516,
    -0.000904055779289436,
    -0.0011150745708675962,
    -0.0014094399721661776,
    -0.001718094369716573,
    -0.0019621094830622045,
    -0.002093346121858999,
    -0.0021006261324829157,
    -0.0020156863637280846,
    -0.0019074295387231993,
    -0.0018352948898746736,
    -0.0018207663927839572,
    -0.0018619054287372563,
    -0.0019710147523861916,
    -0.002177217641357836,
    -0.0024703696017254165,
    -0.0027560559330908467,
    -0.002897152079396637,
    -0.002852536240759848,
    -0.0027017546682856575,
    -0.002552116310897195,
    -0.002466346007059432,
    -0.0024644707977638323,
    -0.0025294971511559163,
    -0.0026074402822450866,
    -0.002665841814575247,
    -0.002747247447563297,
    -0.0029316708607423506,
    -0.0032049539992168533,
    -0.0034307018751914956,
    -0.003475863943570995,
    -0.003307007620586819,
    -0.0029766629682439387,
    -0.002574769247289369,
    -0.0022243162522253544,
    -0.001995237649400154,
    -0.0018286882858106698,
    -0.0015940545391960998,
    -0.0012518631133721235,
    -0.0008759089722822331,
    -0.0005126985301907845,
    -0.00010474467966882078,
    0.00044408216304903423,
    0.0011686817086931799,
    0.002042989699720196,
    0.003051495496983082,
    0.00420003637162213,
    0.005550808758362,
    0.007375721566274233,
    0.01026393391270705,
    0.014911830395323625,
    0.021926928957563003,
    0.031898343281561214,
    0.04579529884199406,
    0.06568086148048174,
    0.09602187841721742,
    0.1464748600217268,
    0.23810875527781591,
    0.41298759371090876,
    0.6991416700632627,
    0.8824118914281913,
    0.7032557250799202,
    0.44955820398076063,
    0.2876862228395565,
    0.19672911076842983,
    0.14332770287577357,
    0.10926112990336534,
    0.08591267878742247,
    0.06897359251264151,
    0.05636500685553497,
    0.04733103031249538,
    0.041229384038674134,
    0.03677460114753226,
    0.03263911721014864,
    0.028378780849386494,
    0.024218250948342946,
    0.020458514030633524,
    0.017281534200484443,
    0.01480389587417208,
    0.013000528804565627,
    0.011708660940638188,
    0.010704560323121625,
    0.009794432195768732,
    0.008899817122888296,
    0.008051083635731423,
    0.0072798288656702745,
    0.006516050919914803,
    0.005645384173705655,
    0.004641463583262058,
    0.0035407250784424546,
    0.0023661470215454294,
    0.0011612023525155455,
    2.7867444441920965e-05,
    -0.0009516642365951862,
    -0.001787410613536733,
    -0.002561409838836176,
    -0.003338074301878255,
    -0.0041571391749767395,
    -0.005110872660932647,
    -0.006333112870904929,
    -0.007798512638883362,
    -0.009248725773542757,
    -0.010461036116498066,
    -0.011463529966447686,
    -0.012400387066369605,
    -0.013355537927567858,
    -0.014394387058661357,
    -0.015568603214987448,
    -0.016804296177890997,
    -0.017925338631011152,
    -0.018856780788064586,
    -0.01966706257840056,
    -0.020398901082654877,
    -0.020996833766810136,
    -0.02141189001873137,
    -0.02170333875562734,
    -0.021962270087071824,
    -0.022181616213023357,
    -0.022308563200195277,
    -0.0223910187367095,
    -0.022561135309073495,
    -0.022873594755819612,
    -0.023275343508418426,
    -0.023670392401504838,
    -0.023904503290082667,
    -0.023781140238062173,
    -0.023218867062172202,
    -0.022319563698158153,
    -0.021331544066103172,
    -0.02055686473817587,
    -0.020100533822618616,
    -0.019779904154252057,
    -0.019360223441536945,
    -0.018740499969540803,
