{
  "algorithm": "PLSR",
  "timestamp": "20260409_111019",
  "best_n_components": 4,
  "r2_train": 0.4267749579321445,
  "rmse_train": 0.872760463345104,
  "r2_cv": 0.28960248173649095,
  "rmse_cv": 0.9715903765909507,
  "coefficients": [
    0.49077489136881836,
    0.4959517118331495,
    0.5005922528832124,
    0.5046629956179823,
    0.5081269626349122,
    0.5109433749193171,
    0.5130630199360062,
    0.5143699635668362,
    0.5148305636799774,
    0.5145031583789689,
    0.5135552335316717,
    0.5122680618818658,
    0.5109104864564944,
    0.5096619485199018,
    0.5085365304958501,
    0.5074181768244768,
    0.5060133035958659,
    0.5038287805386755,
    0.5003022701645862,
    0.4951192754561277,
    0.4884766402394811,
    0.4810461372723383,
    0.47369720189717374,
    0.4672280073666936,
    0.4621202848197253,
    0.4583490469955656,
    0.4552801866526475,
    0.4519542980689819,
    0.4475996103997678,
    0.4419830137425531,
    0.435367365524742,
    0.42824137942722673,
    0.4211966006528158,
    0.41483484893672157,
    0.40960180612235403,
    0.4055218764721991,
    0.4021927881924791,
    0.3990501497967402,
    0.3956971860138762,
    0.39199926832732035,
    0.38799160083971374,
    0.38373153000392557,
    0.37925474608910553,
    0.3746093869374308,
    0.36988736811058803,
    0.3650909208911357,
    0.35991855977436754,
    0.3538211662486968,
    0.3463909449200609,
    0.337749460743329,
    0.3285213727528072,
    0.3195255785383336,
    0.3114887077458202,
    0.3048760713600206,
    0.2997326591587179,
    0.29557865308588155,
    0.29150263346697763,
    0.2866088789935784,
    0.28038391998475787,
    0.27277667978279296,
    0.263849267467286,
    0.25373635583466675,
    0.24280343047641548,
    0.23187570896192036,
    0.22192078791599246,
    0.21368028913490922,
    0.20740005330685662,
    0.20283681863264602,
    0.1992647807284873,
    0.19555964471463888,
    0.19043153687589467,
    0.18281954249425378,
    0.1723668035690986,
    0.15981218104286665,
    0.14711450065099976,
    0.13659195813226813,
    0.12957920571526918,
    0.12528971011757492,
    0.12141573179660177,
    0.1153334506227897,
    0.1051317056743047,
    0.08991830168661394,
    0.07057075469336607,
    0.04994522393117803,
    0.03213554762452315,
    0.019720427675121496,
    0.012286514061086495,
    0.006543279608945478,
    -0.0011919446121788741,
    -0.013601509422529696,
    -0.03180698931150848,
    -0.05546605139817436,
    -0.0825365452669278,
    -0.11011907618703035,
    -0.13599987028309315,
    -0.16000109373917737,
    -0.18358355943470753,
    -0.20859532503019046,
    -0.2360476623429187,
    -0.2657600822132849,
    -0.296623511741481,
    -0.3268436357909783,
    -0.3542384032246411,
    -0.3766937839668112,
    -0.39309410288656244,
    -0.40411439444670655,
    -0.4128398335001451,
    -0.4240209229425642,
    -0.4420134753588074,
    -0.4682819187881454,
    -0.5010919524109901,
    -0.537003486843149,
    -0.5736567000008955,
    -0.6103142290829794,
    -0.6466315791502596,
    -0.6808860944570636,
    -0.711485357895962,
    -0.7387142006835516,
    -0.7639027054340548,
    -0.7877213055912023,
    -0.8123525034036875,
    -0.8433550745438387,
    -0.8884003834381944,
    -0.9512805051082928,
    -1.028673437313485,
    -1.1087208921875609,
    -1.175695744249216,
    -1.2176282391603233,
    -1.2362127006006842,
    -1.2455222277446298,
    -1.2615589870954116,
    -1.2888746825822492,
    -1.3202925433597705,
    -1.34644546219088,
    -1.3619199405162554,
    -1.36281548656583,
    -1.347675321015536,
    -1.3262638495406565,
    -1.3226437432844569,
    -1.35517760543637,
    -1.416704049390115,
    -1.480871569539641,
    -1.5260027335650141,
    -1.5440579005335535,
    -1.519935681372461,
    -1.4258773515125553,
    -1.2375097156287884,
    -0.9313563771785248,
    -0.4489813059273039,
    0.3234353274310003,
    1.5298395490249248,
    3.326160024866428,
    5.979456762918162,
    10.059654268518235,
    16.55437367446895,
    26.612754440745736,
    39.34032636757522,
    46.01771605864828,
    38.25577135165435,
    25.86175516413909,
    17.00953035798502,
    11.673021827348986,
    8.411605622434996,
    6.2531142270215,
    4.664050797011754,
    3.413955976547101,
    2.4547995092585992,
    1.7878694575466734,
    1.3714495542097196,
    1.1055180685283177,
    0.8941489377887728,
    0.680889021843085,
    0.45098951206620963,
    0.21459327664067546,
    -0.004700972245221584,
    -0.1813134362946105,
    -0.29556226877536,
    -0.34217067414416463,
    -0.33312767507622926,
    -0.29164852371453875,
    -0.23832764947590987,
    -0.18594098902171097,
    -0.14026574571251033,
    -0.10194208176280409,
    -0.06723893733135025,
    -0.0324034425144923,
    0.003165539411831047,
    0.03757181209829809,
    0.06948017163120343,
    0.09978759183018032,
    0.12960768907894496,
    0.15801082116923423,
    0.1825369687598934,
    0.20172120273938193,
    0.21636991573436565,
    0.22776456356124303,
    0.23594750481608565,
    0.2401830030368311,
    0.24060468411407127,
    0.23873738985599302,
    0.23605647938027566,
    0.23310440292225953,
    0.22980410602780152,
    0.22613968818019625,
    0.22218858618410697,
    0.21763931580380527,
    0.21151901657088043,
    0.20276365423444903,
    0.19112830244053824,
    0.17744381616415675,
    0.16287831532569302,
    0.14835528625587838,
    0.13439905032247407,
    0.12110123401247679,
    0.10815852174036646,
    0.09505792778527812,
    0.08117404059964305,
    0.0660688185144639,
    0.04987380240310266,
    0.033251115350599034,
    0.01688316086223555,
    0.0011742728349486788,
    -0.013743198716334563,
    -0.02809431542362014,
    -0.04230755394317271,
    -0.05662146659055978,
    -0.07086218210174397,
    -0.08462255953226958,
    -0.09745524188338507,
    -0.10900374688830836,
    -0.119190407692073,
    -0.12824799060729705,
    -0.13655137181222185,
    -0.1444495050812052,
    -0.15213940791321423,
    -0.15957143190432052,
    -0.16651099730308183,
    -0.1728317918157869,
    -0.17863985883079345,
    -0.18411168126023067,
    -0.18928291079419385,
    -0.1940862605709902,
    -0.1985325493725929,
    -0.20272980474820312,
    -0.2067279912399105,
    -0.21034399097440754,
    -0.21337434537478997,
    -0.21591872162494505,
    -0.2183191554660821,
    -0.22084329061576286,
    -0.2235110874829051,
    -0.2262984695158862,
    -0.22929174608224456,
    -0.23260800443652183,
    -0.23620566777115373,
    -0.23985773241599667,
    -0.24345299704015075,
    -0.24715636286561715,
    -0.2511747366471217,
    -0.2554577303265234,
    -0.25976968059418587,
    -0.2639467797689226,
    -0.2679488865478783,
    -0.27183079577658376,
    -0.27571025364754786,
    -0.2796521154250207,
    -0.2834619587466881,
    -0.2868151179947691,
    -0.28959911918650033,
    -0.2919430219947777,
    -0.2940323067562703,
    -0.2959594738058139,
    -0.29779269795802815,
    -0.2996393730779408,
    -0.30156483999929495,
    -0.3034757162038581,
    -0.3050457004863196,
    -0.30595974886212246,
    -0.3061549670883236,
    -0.30578569793602417,
    -0.3050392099977652,
    -0.3039756745894726,
    -0.30259573098636594,
    -0.30092342985336334,
    -0.29906457666212044,
    -0.2972393199487928,
    -0.2956011792364023,
    -0.2939816897382542,
    -0.291999810654897,
    -0.28955090684251567,
    -0.28696380992837145,
    -0.2845279980253579,
    -0.2821274375091759,
    -0.27947888466344706,
    -0.2765046301937923,
    -0.27333126135550156,
    -0.2700473255022968,
    -0.26661946093256145,
    -0.26311729861668076,
    -0.25987200235872526,
    -0.25725137385277513,
    -0.2553380461261335,
    -0.253910440299772,
    -0.25261686692202506,
    -0.2511481149272855,
    -0.24939973130300902,
    -0.24751611975479304,
    -0.24569554752202655,
    -0.24401958704864835,
    -0.24252241850514655,
    -0.24126979161956413,
