{
  "algorithm": "PLSR",
  "timestamp": "20260218_131108",
  "best_n_components": 10,
  "r2_train": 0.9988161198841334,
  "rmse_train": 0.03822257727538996,
  "r2_cv": 0.771593941567231,
  "rmse_cv": 0.5309087876079907,
  "coefficients": [
    -0.5077747936756007,
    -0.5096188215962166,
    -0.5101162686706627,
    -0.5096004438496586,
    -0.5076375262876406,
    -0.5000792802979073,
    -0.4867029334023706,
    -0.47283879900688564,
    -0.4649762070320312,
    -0.4674904558139182,
    -0.47854277305721904,
    -0.4918958825242719,
    -0.4991050469454831,
    -0.4946432822061968,
    -0.4770728079939887,
    -0.44860868775883267,
    -0.41220264077541197,
    -0.37032329054310076,
    -0.32513844021363036,
    -0.27893141621236933,
    -0.23474972682548934,
    -0.19702629932506388,
    -0.17166510963189438,
    -0.16422937967320042,
    -0.1747896572046759,
    -0.19611523973329348,
    -0.21462850948126333,
    -0.21962004656794293,
    -0.20820887662950094,
    -0.1899224292369614,
    -0.17758743505779934,
    -0.18086446641097578,
    -0.1963098595473028,
    -0.21245884477851257,
    -0.21543882099734862,
    -0.20047239294502142,
    -0.17292120193010388,
    -0.14550003337973377,
    -0.12898963260733465,
    -0.12784175649615545,
    -0.14057783597506976,
    -0.16418497155304698,
    -0.19501484815923545,
    -0.22685523700288882,
    -0.24964007104201058,
    -0.25065187867232064,
    -0.2167100198256159,
    -0.13688795602049614,
    -0.011391578341583377,
    0.14045879329764518,
    0.2811910763720784,
    0.3733794905647143,
    0.3987359379136699,
    0.36766324129688893,
    0.3119487833968646,
    0.2672003772363556,
    0.2526252693503348,
    0.26047135965538926,
    0.26624081878605865,
    0.24820130088257908,
    0.20517190201788194,
    0.15495082017071873,
    0.12195056690212644,
    0.12067713756074105,
    0.15176043334382583,
    0.20537459592980098,
    0.2690204384991675,
    0.33115034531664994,
    0.3843290276035143,
    0.42268447423515837,
    0.4382174697992587,
    0.41820385451719266,
    0.3609862600292902,
    0.28714896565565656,
    0.24156195085982848,
    0.26379056772446147,
    0.37265509769024874,
    0.5493740908972974,
    0.7492514979717304,
    0.9129335152827412,
    1.003264981553565,
    1.0152587916324034,
    0.9697713210998773,
    0.8892892874370389,
    0.7970964783093136,
    0.7201220111936405,
    0.684019962050818,
    0.6981458540434797,
    0.7512008704951996,
    0.8147208249368568,
    0.8506219735839279,
    0.8239929111286681,
    0.7372666267517825,
    0.6442348463641457,
    0.6302332121861464,
    0.737094612063501,
    0.9351675392038601,
    1.1301501858030936,
    1.2387632857924165,
    1.218941624257966,
    1.106309555180733,
    0.9807253310706453,
    0.9335063291054776,
    0.98955523016342,
    1.0998792860177213,
    1.1762820526786586,
    1.172676692407473,
    1.1036196544587464,
    1.0237100349000965,
    0.9812084579964524,
    1.0062755198712645,
    1.0951029486924118,
    1.2064758135435207,
    1.2697177045461234,
    1.2384526666390852,
    1.1229524754210078,
    0.9874598650387878,
    0.8987076900470086,
    0.8961791528241493,
    0.9719106603589799,
    1.0784497278681087,
    1.1401662408013182,
    1.110644250902462,
    1.015284032793234,
    0.9475869224351521,
    0.9780081799590503,
    1.1000693332860283,
    1.2368114125389904,
    1.3227346892136425,
    1.3371867321399782,
    1.3231437171654137,
    1.3419620907902188,
    1.4430905558802793,
    1.6127156926621227,
    1.7846824648635684,
    1.8844603008879157,
    1.8913177624614657,
    1.8388375187607606,
    1.7729542351130223,
    1.741029718186001,
    1.7999320133627317,
    1.9877888172740494,
    2.2809235570059148,
    2.5868304826559454,
    2.8037574484783896,
    2.8488810628312202,
    2.7011312214519645,
    2.4017258085840654,
    2.0357159059996097,
    1.6835029762661626,
    1.425583973862589,
    1.340853937277503,
    1.436426598506222,
    1.6208418489218497,
    1.7952654622186779,
    1.9670733618468415,
    2.2483607317602567,
    2.6700441030631867,
    3.0971500300167603,
    3.3155364038300608,
    3.2475566157090636,
    3.0063042176512793,
    2.759994261895185,
    2.609064397439946,
    2.5064075976919185,
    2.3237578115420314,
    1.931113051583125,
    1.4251325175176563,
    1.1821160176985965,
    1.5960053362613085,
    2.6053157919968397,
    3.6649996773881948,
    4.288336590986395,
    4.345833182045463,
    3.9892899605938803,
    3.423311358945266,
    2.8643045325274796,
    2.448626238770189,
    2.165897612619138,
    1.9048013397174157,
    1.6063866990405788,
    1.292961706950635,
    0.996548817000356,
    0.6961381033317667,
    0.3346883921732707,
    -0.1085606684868668,
    -0.5978476519739518,
    -1.0533351004829201,
    -1.3615117364943599,
    -1.4392371122863388,
    -1.422168158948175,
    -1.6756003494083032,
    -2.3818288120947466,
    -3.2297249473064573,
    -3.6663351682617953,
    -3.621206950377229,
    -3.5364141103370423,
    -3.7235503954116527,
    -4.1267716998244115,
    -4.525816321214596,
    -4.698822689301055,
    -4.438756735240533,
    -3.763139644324873,
    -3.003731111474563,
    -2.5366683358673208,
    -2.431546494532142,
    -2.516459750915708,
    -2.633110290562611,
    -2.7268906692983053,
    -2.8499068523460274,
    -3.13003582549405,
    -3.6667545805275092,
    -4.298500454590426,
    -4.624992633964154,
    -4.423007752962483,
    -3.8407863896656957,
    -3.193936061680741,
    -2.7828377815060232,
    -2.91393107612264,
    -3.5972544675399662,
    -4.283004634431853,
    -4.3354484297504134,
    -3.8659305362799747,
    -3.607461705826339,
    -3.967199482492236,
    -4.802789120507429,
    -5.750994324200021,
    -6.331831943897877,
    -6.069799160146963,
    -5.106301141972848,
    -4.230624472844637,
    -4.0251675866340015,
    -4.437204988313147,
    -5.08279262242657,
    -5.642024359262773,
    -5.901648533153389,
    -5.775966104204297,
    -5.309189385549841,
    -4.6781701693070925,
    -4.136816846036211,
    -3.8404735298685635,
    -3.7024343430820856,
    -3.5208508007003325,
    -3.216679679091263,
    -2.817659560542334,
    -2.3553355786876833,
    -1.8967822048185967,
    -1.5240395346143014,
    -1.176433722842239,
    -0.6659143619985144,
    0.07919651998701019,
    0.9244018844256723,
    1.6637446245462226,
    2.1479590140470384,
    2.3294964796694697,
    2.3125881657269334,
    2.300554135476924,
    2.4080986185350155,
    2.6248431347618295,
    2.9239657230612726,
    3.2950189539232575,
    3.690808297338896,
    4.041472053270753,
    4.309682793031608,
    4.521661705926239,
    4.7125553849499795,
    4.8699384526764735,
    4.980922893365194,
    5.069340264697453,
    5.125441585672396,
    5.077027055730457,
    4.879815752315176,
    4.5770428138599355,
    4.253039067869667,
    3.967627762362752,
    3.751891855126654,
    3.630864367974477,
    3.61130542587498,
    3.632757840381834,
    3.574769567664145,
    3.3567280287539925,
    2.9757837080884597,
    2.4851466449085815,
    1.9829010563358154,
    1.5761691349254436,
    1.3036848184469239,
    1.1353527403222532,
    1.0177263385170112,
    0.8933928128201639,
    0.7215437212156248,
    0.4972030285392413,
    0.24554082585500978,
    0.0032938103498234617,
    -0.19922410306102278,
    -0.3616165097358303,
    -0.5046501398722824,
    -0.6378281885416313,
    -0.757320298354286,
    -0.8651094905722302,
    -0.9660529298366425,
    -1.0551997919797493,
    -1.1254354138285716,
    -1.1816500420045348,
    -1.2411109622889411,
    -1.3169584244613861,
    -1.40568017799176,
    -1.4999912720883397,
    -1.594800026932031,
    -1.6717218715160558,
    -1.7066183182210573,
    -1.7021959124456325,
    -1.6861718064665028,
    -1.6790078180566967,
    -1.6848769460231101,
    -1.6974098399614672,
    -1.6991825328493764,
    -1.664380424740377,
    -1.571131356431231,
