{
  "algorithm": "PLSR",
  "timestamp": "20260331_143154",
  "best_n_components": 7,
  "r2_train": 0.5937860606706542,
  "rmse_train": 0.7974765677788394,
  "r2_cv": 0.5202503924542186,
  "rmse_cv": 0.8666581670712451,
  "coefficients": [
    -25.27171455632671,
    -21.074402913350376,
    -17.250724075099217,
    -13.794120132948791,
    -10.697873199336764,
    -7.95512536649313,
    -5.339352715881571,
    -3.261036920120522,
    -1.7242506184613666,
    -0.5453003887959755,
    0.5194274069882238,
    1.6912858313733607,
    3.091587924688874,
    4.766633547834004,
    6.690017987838207,
    8.759826981067064,
    10.72772792359217,
    12.182212469719108,
    12.719586076592597,
    12.173796294096874,
    10.754834408246436,
    8.935276947184173,
    7.290354055049203,
    6.362530698536949,
    6.511717131650341,
    7.70264115248968,
    9.413313312672749,
    10.880317614915036,
    11.553907013893557,
    11.345890568256948,
    10.538095532879325,
    9.523836663521083,
    8.691682574261307,
    8.353396443467025,
    8.62663817395215,
    9.327755322223224,
    10.075238144312495,
    10.573949856664415,
    10.779944424643153,
    10.825614055524706,
    10.803324914471386,
    10.705902650347321,
    10.495739678245297,
    10.223370945932954,
    9.971494755901695,
    9.755267397600873,
    9.430902117586054,
    8.81209463986373,
    7.7809019823854095,
    6.354024150365647,
    4.618663501588872,
    2.768745756995916,
    1.13121055683965,
    0.09851678821777188,
    -0.15103938025156244,
    0.20109842000844907,
    0.7000988452903236,
    0.9587020358588939,
    0.8099315746688978,
    0.27316543471852844,
    -0.6345570607587608,
    -1.8664243848612891,
    -3.274269925387187,
    -4.587162968050486,
    -5.606472979538036,
    -6.3077526559786605,
    -6.806777880006172,
    -7.18391283125021,
    -7.425727130898798,
    -7.492665133442822,
    -7.4687058519867175,
    -7.592172527281017,
    -8.085380452753292,
    -8.910507978380227,
    -9.662459743360145,
    -9.861929391348161,
    -9.342818291321016,
    -8.446849492229036,
    -7.679919463493801,
    -7.347707404323949,
    -7.470955920473378,
    -8.030270695331893,
    -8.992002112535687,
    -10.143682990445319,
    -10.966976398055436,
    -11.009848185543522,
    -10.263842999312544,
    -9.260233957301145,
    -8.595582166417222,
    -8.565973587558988,
    -9.127124455717455,
    -10.140666223165505,
    -11.47226547152816,
    -12.907762817596872,
    -14.15358023507393,
    -14.986333690120365,
    -15.443797727006071,
    -15.741395502055875,
    -16.05439122307613,
    -16.345589039741892,
    -16.47898796654105,
    -16.392295700124038,
    -16.100204459617416,
    -15.545705263683132,
    -14.57003480947661,
    -13.123497996786611,
    -11.511487055424427,
    -10.309063910718868,
    -9.942146821134452,
    -10.293216770749682,
    -10.84460104570415,
    -11.117029186555314,
    -10.981787770223201,
    -10.50446923152151,
    -9.706760003437246,
    -8.583792216436512,
    -7.320432868352849,
    -6.338679751841136,
    -5.953647411216616,
    -6.067665656668913,
    -6.293150500183878,
    -6.338326999279271,
    -6.231311382730439,
    -6.134022354494659,
    -6.11950592480156,
    -6.042327214276448,
    -5.678339062816401,
    -4.93389894866569,
    -4.021685200821854,
    -3.2671307156866183,
    -2.748469907147229,
    -2.169949498116954,
    -1.1710606040011198,
    0.2923153329222607,
    2.0045207631349053,
    3.727360656785172,
    5.259297308475303,
    6.331373214808515,
    6.6654880260613,
    6.272583263789276,
    5.565831633948951,
    5.0687083053537005,
    5.051093385183591,
    5.457425241147913,
    6.159563240427304,
    7.029840687548066,
    7.858005287015563,
    8.416570010485106,
    8.659393013286987,
    8.728095258082657,
    8.769042109205838,
    8.898179418505263,
    9.284901047425384,
    10.029492537347071,
    10.87306049073517,
    11.322949606441776,
    11.120265995894444,
    10.461887762897703,
    9.709099316430368,
    8.981504445474714,
    8.255669067551999,
    7.669799467707556,
    7.4544138450626045,
    7.550807958537645,
    7.461891521684638,
    6.799873242855942,
    5.788348878440368,
    5.036372017603979,
    4.878479866392134,
    4.9870073535117765,
    4.827047889973226,
    4.129015189775825,
    2.969360539027197,
    1.5290108048286062,
    -0.019158145176960736,
    -1.4512626327251539,
    -2.484137991132301,
    -2.9051902587921896,
    -2.7413810882886303,
    -2.308657983167992,
    -1.955916964771817,
    -1.8172226691722213,
    -1.7802454183382639,
    -1.6584072214631642,
    -1.3186174528826304,
    -0.7086642169789078,
    0.15257671138195963,
    1.2092237603081053,
    2.4132679713532132,
    3.764145151280181,
    5.295184286745935,
    7.010759895687564,
    8.8387372472057,
    10.665491117547353,
    12.432621513481797,
    14.123446476694845,
    15.63163865333744,
    16.761996829061165,
    17.423853273546847,
    17.800141553550866,
    18.163289458104675,
    18.63599920879439,
    19.18247600569617,
    19.769654061989474,
    20.44171313865458,
    21.17254019240914,
    21.71352577267575,
    21.734376418411603,
    21.12194952814514,
    20.086679796625628,
    18.908244996754178,
    17.727958363562696,
    16.574886111167594,
    15.468007938259763,
    14.436853708526732,
    13.449733273738376,
    12.36380336922906,
    11.037333015666196,
    9.478013454868895,
    7.842043035230368,
    6.289997552459616,
    4.908509118901023,
    3.7191159268106575,
    2.650786496868226,
    1.5779209687348326,
    0.432060155040286,
    -0.7294773214960806,
    -1.7887024696252722,
    -2.652564939961215,
    -3.2755974539356743,
    -3.679515081209624,
    -3.9476350028413605,
    -4.191818104165179,
    -4.5144734953752454,
    -4.959325849225464,
    -5.47173561078311,
    -5.926117831614115,
    -6.237114781132583,
    -6.406559753289493,
    -6.474088634769649,
    -6.471446189840861,
    -6.414366272030006,
    -6.303581849598667,
    -6.122839058553119,
    -5.861726383545847,
    -5.522504576801946,
    -5.12348842153237,
    -4.709760778620403,
    -4.334104290641413,
    -4.004725805933415,
    -3.664505101318864,
    -3.2590119285313786,
    -2.7992218732050773,
    -2.3349715011110894,
    -1.8987320407298776,
    -1.492452516191626,
    -1.1140704623976743,
    -0.7712943955918569,
    -0.46987264648318,
    -0.2047544849387459,
    0.039557670906498164,
    0.2809726757494173,
    0.5268911546340102,
    0.7569003096103041,
    0.9091698145350653,
    0.9336398754941585,
    0.8736284079049623,
    0.8308535891112188,
    0.855626295537302,
    0.9089188165293952,
    0.9302321199785925,
    0.8963428984760595,
    0.8043175452158846,
    0.6389194227783516,
    0.37046033098891457,
    0.005682797050820467,
    -0.3782309954650126,
    -0.6907190623826575,
    -0.883927178773443,
    -0.9718791910710418,
    -1.0339389113091388,
    -1.1677965942757815,
    -1.405570057368229,
    -1.686021441057048,
    -1.948531316606995,
    -2.2156107192903987,
    -2.530591883171499,
    -2.843167805786834,
    -3.0377444416440174,
    -3.0891407555138235,
    -3.1124258069540005,
    -3.2034314922272054,
    -3.3054744358500443,
    -3.302442333292104,
    -3.177764633040524,
    -3.0107374422092374,
    -2.855269087852426,
    -2.6904321964497515,
    -2.5009667299698966,
    -2.345814612117103,
    -2.3202953880824952,
    -2.483491129691785,
    -2.8104193350122544,
    -3.1862247616514776,
    -3.4753120345767368,
    -3.6278445727975197,
    -3.7130074536314868,
    -3.8097753771680325,
    -3.9069312017512563,
    -3.961726758939054,
    -4.0040424132243455,
    -4.128227963122032,
    -4.3627941293212125,
    -4.599144256841482,
    -4.7274460678785974,
    -4.789456774370237,
    -4.932000801138076,
    -5.253137043392366,
    -5.734159333234076,
    -6.280297693622931,
    -6.790459598213341,
    -7.210444405668266,
    -7.541659329563224,
