{
  "algorithm": "PLSR",
  "timestamp": "20260220_180443",
  "best_n_components": 4,
  "r2_train": 0.9065585848832101,
  "rmse_train": 0.00938801712910294,
  "r2_cv": -1.393428434830211,
  "rmse_cv": 0.047513212252290535,
  "coefficients": [
    0.10160458460273804,
    0.10053849365035522,
    0.09920601094558301,
    0.09769082012535243,
    0.09605441087776244,
    0.09434215521217953,
    0.09231112475023243,
    0.09022080814177534,
    0.08836754087540297,
    0.08707720436191148,
    0.08672264839721737,
    0.08770116258882918,
    0.09042042796286098,
    0.09522334950191731,
    0.1022958856474824,
    0.11174689833700191,
    0.12375516070835983,
    0.1386694055188836,
    0.157053233178758,
    0.17981468535029746,
    0.2087213817431579,
    0.24775994180503105,
    0.3064344916116721,
    0.4091243152702039,
    0.6325721910155575,
    1.3585893693057005,
    5.8742510773169085,
    -0.3945856591941463,
    -0.4665082590955388,
    -0.39912186921455167,
    -0.35670666795792483,
    -0.3316642790283753,
    -0.3148015374809082,
    -0.29988310508196,
    -0.28373169764344197,
    -0.266066607769046,
    -0.24911860923463297,
    -0.23701065156287457,
    -0.23579035683819954,
    -0.254376011972361,
    -0.3071430700095714,
    -0.41957556727336004,
    -0.6433271374861119,
    -1.1016397488662157,
    -2.163431563968237,
    -5.393757837801535,
    -23.09750539631247,
    -24.66577123092219,
    -2.1340982632284975,
    0.5237064804808081,
    1.1430906912477345,
    1.324766788192458,
    1.358449164352589,
    1.3219742781816257,
    1.2427942361723936,
    1.1373287820317108,
    1.0241883691017686,
    0.9257352917729066,
    0.8637305790074905,
    0.8562825275930969,
    0.9197279013651871,
    1.0735217487694952,
    1.344701827411487,
    1.7690279396804798,
    2.3922149392479453,
    3.2704268178683638,
    4.479820243857744,
    6.123590692431606,
    8.336644916966767,
    11.263427984669436,
    14.96922010549142,
    18.990607916438563,
    20.917177715129753,
    15.925020243789918,
    6.241628982840384,
    0.8138334511076204,
    -0.1926471555341916,
    0.20806305629792265,
    0.5814658662954427,
    0.602765697816418,
    0.3487588156391975,
    -0.023436591606818827,
    -0.37831330458732987,
    -0.6252794842110534,
    -0.719342192802533,
    -0.6585322243764722,
    -0.47850572555636434,
    -0.23714243458712247,
    0.005775997733120813,
    0.20193032435910688,
    0.318094773609622,
    0.33515865247075294,
    0.248737501048386,
    0.07029023874315486,
    -0.17152009667516982,
    -0.43288091179828714,
    -0.6636919969386702,
    -0.8209845290530327,
    -0.8770832017401555,
    -0.8230350594035599,
    -0.673479255076757,
    -0.4695453252458793,
    -0.2718173221089075,
    -0.14274446950240793,
    -0.13159049694965683,
    -0.26687554335559244,
    -0.5504581709819348,
    -0.9499015594738766,
    -1.3967394709580585,
    -1.8038597640767418,
    -2.099170303544112,
    -2.2491594178922907,
    -2.256802884938796,
    -2.14447603937915,
    -1.9431940179347842,
    -1.689317880027124,
    -1.419389444636521,
    -1.1650470061121332,
    -0.9495227411856431,
    -0.785717722525045,
    -0.67663315881608,
    -0.6207066180924922,
    -0.613739967900368,
    -0.6469621040179443,
    -0.7041418109924622,
    -0.764240076585729,
    -0.8052649685670892,
    -0.8097902401778871,
    -0.7746076528367035,
    -0.7193864827095302,
    -0.6782332240569922,
    -0.6765390746141788,
    -0.7153566701646539,
    -0.776057597919183,
    -0.8377427237493841,
    -0.8850112640202064,
    -0.9054729014302266,
    -0.886730535329671,
    -0.821984234790496,
    -0.7184306117207461,
    -0.5984435191817931,
    -0.49035280701524564,
    -0.41726267032254194,
    -0.3906614419586924,
    -0.4103648500819735,
    -0.4678868330059802,
    -0.5496926692022428,
    -0.6389563801108733,
    -0.7173272346660399,
    -0.7685275297761968,
    -0.7845742199484063,
    -0.7692919818821986,
    -0.7388961534857661,
    -0.7170584860671455,
    -0.7238805152223629,
    -0.7671217516666626,
    -0.8415726932237789,
    -0.9388084555731647,
    -1.0528428442306184,
    -1.1751801574079714,
    -1.2853902735750193,
    -1.3519238720491984,
    -1.3510235689808274,
    -1.2928343020287867,
    -1.2451472467367404,
    -1.3665553754368216,
    -2.0370446097276362,
    -4.484911913307696,
    -14.676269006751584,
    -48.64700511938834,
    -22.06653147143987,
    -7.466990429258475,
    -3.1119118915279933,
    -1.331945268887934,
    -0.4798290181209342,
    -0.06503118046085112,
    0.11387360693479334,
    0.16380562577393604,
    0.14840664373255655,
    0.10640777919274522,
    0.06057316390962385,
    0.023858304579635385,
    0.003342147531481655,
    0.002126078299676706,
    0.019223915981860837,
    0.048950418290384136,
    0.08255371787934634,
    0.11213304701645757,
    0.13362993473371843,
    0.1458419712830559,
    0.14842628371717184,
    0.14195452595254524,
    0.12914010878665796,
    0.1144276504483196,
    0.10138192832431869,
    0.09110729327080906,
    0.08297878806091638,
    0.07618084350678492,
    0.07032507331904432,
    0.06513900377787323,
    0.06036244933903634,
    0.05604404213024885,
    0.05269815277482742,
    0.05088376704936055,
    0.05057676118739867,
    0.05100284325002475,
    0.051126886109138084,
    0.05027085096949196,
    0.04841427679350293,
    0.04600082158110213,
    0.04347827257129493,
    0.041036549097740904,
    0.0387891593125385,
    0.03710097795193298,
    0.03649126189031052,
    0.03714557480247814,
    0.038628267624453476,
    0.0401085324182173,
    0.04086534625992519,
    0.0406059495818731,
    0.03948958948638145,
    0.03792595465948916,
    0.03632737937307546,
    0.03495016101637618,
    0.03388884970946962,
    0.03304076280971126,
    0.03197011283481672,
    0.029907066832437195,
    0.026065138451446247,
    0.020228298253999164,
    0.013226108856459856,
    0.006679800731670559,
    0.0019415860690781262,
    -0.0006931440273945256,
    -0.0016410345974335223,
    -0.0011085939368028676,
    0.0010354607111461417,
    0.004449570588692313,
    0.007821052589290717,
    0.009205007742712672,
    0.006740263236227977,
    -0.0009112607653192217,
    -0.01492595068012111,
    -0.03739964275216522,
    -0.07219872921211061,
    -0.12447003059170471,
    -0.19973311217717876,
    -0.3057710354351421,
    -0.4608630217650098,
    -0.7162788352468454,
    -1.2229288505380722,
    -2.487136810902175,
    -6.83029993539731,
    -26.794939560504044,
    -21.157468636420017,
    -7.252523624031373,
    -3.692409993532372,
    -2.360272535073734,
    -1.6981307735027893,
    -1.3148167446065235,
    -1.0783061300631631,
    -0.9265027937349928,
    -0.8207850233253301,
    -0.7369104211794446,
    -0.6624401714369841,
    -0.5914981039250078,
    -0.5195183014884648,
    -0.44247317247892726,
    -0.3598105025971243,
    -0.27672855645385736,
    -0.20327692980307402,
    -0.14883359148041445,
    -0.11611396253172981,
    -0.10123411854137958,
    -0.09864545684265455,
    -0.10510089774087683,
    -0.11866685467376992,
    -0.13459368814065364,
    -0.14396555217877421,
    -0.1382947288728207,
    -0.11513049475384673,
    -0.07786337797966662,
    -0.029845935785236952,
    0.028957049006523138,
    0.0984606463139685,
    0.17443878089585185,
    0.2541112547057074,
    0.37396658250652415,
    0.7560377960704501,
    2.3722290821789187,
    8.635352939381043,
    18.118320897299473,
    15.604392608060712,
    11.121002828299089,
    8.245999897564872,
    6.249174926860167,
    4.726933550205183,
    3.5842280150424646,
    2.86606498702937,
    2.710206881470289,
    3.2473055904111647,
    4.49298582019005,
    6.393524918312387,
    8.78448044421394,
    10.59079255161235,
    8.481763038820839,
    -1.8002436124429473,
    -17.127162683883135,
    -24.755678993306056,
    -21.385278518750315,
    -14.494014914875237,
    -8.715790557731516,
